Open,High,Low,Close,Volume,RSI,ATR,VolumeChange,SMA_20,EMA_50,target_vol,target_dir,currency
95000.0,96500.0,94200.0,95800.0,25000.0,58.3,1200.5,0.05,94500.0,93800.0,0.004,1,BTCUSDT
-4.263380632621921,-4.254249793287204,-4.225411600352447,-4.217019095597153,71.52290887334321,0.4102925899806241,-3.5691186423310306,-0.23612016161833585,-7.583353159325021,-4.615358880811587,0.014975405943668358,1,BTCUSDT
